Item,Specification,Price
"ABSORTION TOWER DRYING TOWER","","3490.00"
"ACID ACCUMULATOR","2V 10AH","2500.00"
"ACID ACCUMULATOR","6V 15 AH","3000.00"
"ALCOHOMETER","","5540.00"
"AMMETER","DIGITAL","4500.00"
"AMMETER","DUAL RANGE","1200.00"
"ANEROID BAROMETER","","2900.00"
"ASPIRATOR BOTTLEGLASS","2.5L","4141.00"
"ASPIRATOR BOTTLEGLASS","5L","5850.00"
"ASPIRATOR BOTTLEGLASS","10L","7350.00"
"ASPIRATOR BOTTLEPLASTIC","5L","2000.00"
"ASPIRATORPLASTIC","10L","3000.00"
"ATOMIC MODEL SET","60 BALLS","5000.00"
"AUTOCLAVE ELECTRICAL","","40000.00"
"BALANCE BATHROOM SCALE","","2400.00"
"BALANCE ELECTRONIC OHAUS PS 121","120 GM 0.1","10000.00"
"BALANCE ELECTRONIC OHAUS CL 200","200 GM 0.1","13000.00"
"BALANCE ELECTRONIC OHAUS CS 200","200 GM 0.1","17000.00"
"BALANCE ELECTRONIC OHAUS SCOUT 11","400 GM 0.1","38000.00"
"BALANCE ELECTRONIC OHAUS SCOUT PRO","600 GM 0.1","40000.00"
"BALANCE ELECTRONIC OHAUS SCOUT PRO","200 GM 0.1","45000.00"
"BALANCE ELECTRONIC OHAUS SCOUT PRO","200 GM 0.1","60000.00"
"BALANCE ELECTRONIC OHAUS SCOUT PRO","400 GM 0.1","70000.00"
"BALANCE ELECTRONIC OHAUS PRO","810 GM 0.01","95000.00"
"BALANCE ELECTRONIC OHAUS ADVENTURER","150 GM 0.00I","164000.00"
"BALANCE MECHANICAL INDIA","110 GM 0.01","5945.00"
"BALANCE MECHANICAL INDIA","2610 GM 0.1","16000.00"
"BALANCE LEVER INDIA","500 GM/1KG","3500.00"
"BALANCE MECHANICAL OHAUS CENTER O GRAM","311 GM","30000.00"
"BALANCE MECHANICAL OHAUS DIAL O GRAM","310 GM","32000.00"
"BALANCE MECHANICAL OHAUS TRIPLE BEAM","610 GM","30000.00"
"BALANCE MECHANICAL OHAUS DOUBLE DIAL-NO-GRAM","2610 GM","35000.00"
"BALANCE SPRING","100 GM","390.00"
"BALANCE SPRING","250 GM","390.00"
"BALANCE SPRING","500 GM","390.00"
"BALANCE SPRING","1000 GM","390.00"
"BALANCE SPRING","","390.00"
"BALANCE WEIGHT BOX","","1140.00"
"BALL & RING APPARATUS","","1843.00"
"BANANA PLUG","","210.00"
"BAR BREAKING APPARATUS","","2500.00"
"BAR AND GAUGE APPARATUS","","750.00"
"BAR FOR BAR BREAKING","","2500.00"
"BARLOWS WHEEL APPARATUS","","2020.00"
"BAROMETER FORTINS","","7500.00"
"BAROMETER FORTINS WITH MERCURY","","15000.00"
"BAROMETER TUBE CLOSED AT ONE END","","330.00"
"BEAKER BOROSIL","25 ML","150.00"
"BEAKER BOROSIL","50 ML","155.00"
"BEAKER BOROSIL","100 ML","160.00"
"BEAKER BOROSIL","150 ML","170.00"
"BEAKER BOROSIL","250 ML","180.00"
"BEAKER BOROSIL","500 ML","310.00"
"BEAKER BOROSIL","600 ML","250.00"
"BEAKER BOROSIL","1000 ML","500.00"
"BEAKER BOROSIL","2000 ML","1050.00"
"BEAKER BOROSIL","5000 ML","2050.00"
"BEAKER BOROSILICATE","25 ML","164.00"
"BEAKER BOROSILICATE","50 ML","155.00"
"BEAKER BOROSILICATE","100 ML","170.00"
"BEAKER BOROSILICATE","250 ML","180.00"
"BEAKER BOROSILICATE","400 ML","300.00"
"BEAKER BOROSILICATE","500 ML","225.00"
"BEAKER BOROSILICATE","1000 ML","400.00"
"BEAKER","25 ML","144.00"
"BEAKER","50 ML","211.00"
"BEAKER","100 ML","162.00"
"BEAKER","250 ML","180.00"
"BEAKER","400 ML","192.00"
"BEAKER","600 ML","252.00"
"BEAKER","1000 ML","450.00"
"BEAKER","2000 ML","1500.00"
"BEAKER","5000 ML","2800.00"
"BEAKER HYSIL","250 ML","347.00"
"BEAKER HYSIL","600 ML","460.00"
"BEAKER PLASTIC","50 ML","100.00"
"BEAKER PLASTIC","100 ML","140.00"
"BEAKER PLASTIC","250 ML","170.00"
"BEAKER PLASTIC","500 ML","238.00"
"BEAKER PLASTIC","1000 ML","300.00"
"BEAKER PLASTIC","2000 ML","510.00"
"BEAKER PYREX","50 ML","260.00"
"BEAKER PYREX","100 ML","312.00"
"BEAKER PYREX","150 ML","400.00"
"BEAKER PYREX","250 ML","472.00"
"BEAKER PYREX","400 ML","700.00"
"BEAKER PYREX","600 ML","790.00"
"BEAKER PYREX","1000 ML","1500.00"
"BEAKER PYREX","2000 ML","2000.00"
"BERNOULLI TUBE","","1000.00"
"BEEHIVE SHELF","","180.00"
"BELL IN VACUUM","","2500.00"
"BELL IN VACUUM WITH AIR PUMP WITH PLATE","","3866.00"
"BELL JAR WITH KNOB","","1500.00"
"BELL JAR OPEN TYPE","","1500.00"
"BIMETALLIC STRIP","","550.00"
"BLOOD PRESSURE MACHINE","DIGITAL","11600.00"
"CELL HOLDER WOODEN","2 CELL","180.00"
"CELL HOLDER WOODEN","3 CELL","220.00"
"CELL HOLDER WOODEN","4 CELL","250.00"
"CENTRE OF GRAVITY APPARATUS","","1200.00"
"CENTRIFUGE ELECTRICAL","4 TUBE","15000.00"
"CENTRIFUGE ELECTRICAL","6 TUBE","18000.00"
"CENTRIFUGE MANUAL","2 TUBE","3000.00"
"CENTRIFUGE MANUAL SMALL","4 TUBE","3200.00"
"CENTRIFUGE MANUAL REGULAR","4 TUBE","3500.00"
"CENTRIFUGE MANUAL SUPERIOR","4 TUBE","4000.00"
"CENTRIFUGE TUBE","15ML UNGRADUATED","120.00"
"CENTRIFUGE TUBE","ALUMINIUM","180.00"
"CHARLES LAW APPARATUS","","2000.00"
"CHARTS BIO PHYS","","550.00"
"CHROMATOGRAPHY PAPER","460 X 570","200.00"
"CIRCUIT BOARD","ELECTRIC","8300.00"
"CIRCUIT BOARD","WORCESTER","8300.00"
"CLINOSTAT CLOCK TYPE","","3450.00"
"COLOUR FILTERS","PLASTIC","414.00"
"COMBUSTION BOAT","","75.00"
"COMBUSTION TUBE","12” x 1”","234.00"
"CONCAVE/CONVEX LENS","","180.00"
"CONCAVE/CONVEX MIRROR","","180.00"
"CONDENSER LEIBIG","300MM","900.00"
"CONDUCTIVITY RODS","SET OF 4","500.00"
"CONICAL FLASK BOROSIL","50ML","175.00"
"CONICAL FLASK BOROSIL","250ML","232.00"
"CONICAL FLASK HYSIL","100ML","450.00"
"CONICAL FLASK CHINA","50ML","175.00"
"CONICAL FLASK CHINA","100ML","200.00"
"CONICAL FLASK CHINA","250ML","250.00"
"CONICAL FLASK SYMAX","50ML","216.00"
"CONICAL FLASK SYMAX","100ML","300.00"
"CONICAL FLASK SYMAX","250ML","350.00"
"CONICAL FLASK SYMAX","500ML","450.00"
"CONICAL FLASK SYMAX","1000ML","550.00"
"CONICAL FLASK SYMAX","2000ML","1100.00"
"CONICAL FLASK PYREX","50ML","500.00"
"CONICAL FLASK PYREX","100ML","600.00"
"CONICAL FLASK PYREX","250ML","650.00"
"CONICAL FLASK PYREX","500ML","700.00"
"CONICAL FLASK PYREX","1000ML","2000.00"
"CONICAL FLASK PYREX","2000ML","2500.00"
"CONNECTING WIRE-COPPER","20M","325.00"
"CONNECTING WIRE-COPPER","60M","700.00"
"CONNECTING WIRE-COPPER","100M","930.00"
"CONSTASTINE WIRE","REEL","414.00"
"CONTACT KEY","","270.00"
"COPPER WIRE BARE-ENAMELLED","","414.00"
"CORK BORER SET","","810.00"
"CORK BORER SHARPENER","","414.00"
"CORK TO FIT TEST TUBE","BARK","20.00"
"CORK TO FIT BOILING TUBE","BARK","30.00"
"CORK TO FIT CONICAL FLASK","BARK","50.00"
"COTTON TWINE","ROLL","250.00"
"CROCODILE CLIPS","","40.00"
"CROOKS RADIOMETER","","834.00"
"CRUCIBLE TONGS","","200.00"
"CRUCIBLE WITH LID","25ML","150.00"
"CRUCIBLE WITH LID","50ML","155.00"
"DANIEL CELL","","2000.00"
"DEFLAGRATING SPOON WITH LID","","1450.00"
"DEMONSTRATION TRANSFORMER","","4000.00"
"DENSITY BOTTLE","25ML","170.00"
"DENSITY BOTTLE","50ML","210.00"
"DESICCATOR WITH KNOB","4”","2500.00"
"DESICCATOR WITH KNOB","5”","3000.00"
"DESICCATOR WITH KNOB","6”","3600.00"
"DESICCATOR WITH KNOB","12”","4500.00"
"DIFFRACTION GRATINGS","","3120.00"
"DIODE MOUNTED","","1200.00"
"DIONIZER ELGA CAN","","9000.00"
"DIONIZER WITH 4 ELGA CANS","","120000.00"
"DIP CIRCLE","","5500.00"
"DIPNEEDLE COMPLETE","","1300.00"
"DISSECTING BOARD/SOFT BOARD","WOODEN","233.00"
"DISSECTING FORCEPS","BLUNT/FINE","170.00"
"DISSECTING NEEDLE","PLASTIC HANDLE","80.00"
"DISSECTING NEEDLE","WOODEN HANDLE","60.00"
"DISSECTING SCISSORS","BLUNT/SHARP","250.00"
"DISSECTING SET","14 INSTRUMENTS","700.00"
"DISSECTING SET","18 INSTRUMENTS","850.00"
"DISSECTING TRAY WITHOUT WAX","ALUMINIUM","700.00"
"DISSECTING TRAY WITHOUT WAX","PLASTIC","600.00"
"DISSECTING TRAY WITH WAX","","1050.00"
"DISTILLATION APPARATUS COMPLETE-LEIBIG","","2500.00"
"DISTILLATION FLASK WITH SIDE ARM","60ML","600.00"
"DISTILLATION FLASK WITH SIDE ARM","250ML","700.00"
"DISTILLATION FLASK WITH SIDE ARM","500ML","1000.00"
"DROPPER","PLASTIC","30.00"
"DROPPER BOTTLE EYEDROP","PLASTIC","80.00"
"DROPPER TEATS ONLY","","20.00"
"DROPPER WITH TEAT","","60.00"
"DROPPER WITH TEAT","SUPERIOR","80.00"
"DROPPING FUNNEL WITH TAP","50ML","475.00"
"DRYING TOWER","","2490.00"
"DYNAMIC TROLLEY","","2500.00"
"DYNAMO WORKING MODEL","","2000.00"
"EBONTTE ROD","12” X 0.5”","350.00"
"ELECTRIC BELL","","600.00"
"ELECTRIC MOTOR","3V","2500.00"
"ELECTRIC MOTOR","MODEL","2700.00"
"ELECTRODE-COPPER","PLATE","300.00"
"ELECTRODE-LEAD","PLATE","300.00"
"ELECTRODE-ZINC","PLATE","300.00"
"ELECTRODECARBON","RODS","300.00"
"ELECTRODE-COPPER","RODS","300.00"
"ELECTRODE-ZINC","RODS","300.00"
"ELECTRODE-LEAD","RODS","300.00"
"ELECTRODE-PLANUM","PAIR","1260.00"
"ELECTROPHORUS STRIPS","","560.00"
"ELEMENT FOR WATER DISTILLER","","3000.00"
"EVAPORATING DISH","","210.00"
"EXPANSION OF LIQUID APPARAUS","","4800.00"
"FILTER FLASK","250 ML","600.00"
"FILTER FLASK","500 ML","800.00"
"FILTER PUMP","","570.00"
"FIRE EXTINGUISHER DRY POWDER","2.5KG","8500.00"
"FIRE EXTINGUISHER DRY POWDER","5KG","15000.00"
"FIRE EXTINGUISHER CO2 GERMANY","1KG","25000.00"
"FIST AID BOX","SMALL","1500.00"
"FIST AID BOX","MEDIUM","3500.00"
"FIST AID BOX","LARGE","7000.00"
"FLASK BOILING-FLAT BOTTOM BOROSILICATE","250ML","250.00"
"FLASK BOILING-FLAT BOTTOM BOROSILICATE","500 ML","300.00"
"FLASK BOILING-FLAT BOTTOM BOROSIL","50 ML","220.00"
"FLASK BOILING-FLAT BOTTOM BOROSIL","250 ML","250.00"
"FLASK BOILING-BOTTOM BOROSIL","1000 ML","1100.00"
"FLASK BOILING-FLAT BOTTOM SIMAX","50 ML","160.00"
"FLASK BOILING-FLAT BOTTOM SIMAX","100 ML","200.00"
"FLASK BOILING-FLAT BOTTOM SIMAX","250 ML","234.00"
"FLASK BOILING-FLAT BOTTOM SIMAX","500 ML","300.00"
"FLASK BOILING-FLAT BOTTOM SIMAX","1000 ML","870.00"
"FLASK BOILING-FLAT BOTTOM SIMAX","2000 ML","1100.00"
"FLASK BOILING-FLAT BOTTOM PYREX","250 ML","515.00"
"FLASK BOILING–FLAT BOTTOM PYREX","500 ML","650.00"
"FLASK BOILING-FLAT BOTTOM PYREX","1000 ML","2500.00"
"FLASK BOILING-FOUND BOTTOM BOROSILICATE","250 ML","234.00"
"FLASK BOILING-ROUND BOTTOM BOROSILICATE","500 ML","300.00"
"FLASK BOILING-ROUND BOTTOM BOROSIL","50 ML","220.00"
"FLASK BOILING-ROUND BOTTOM BOROSIL","250 ML","250.00"
"FLASK BOILING-ROUND BOTTOM SIMAX","50 ML","160.00"
"FLASK BOILING-ROUND BOTTOM SIMAX","100 ML","200.00"
"FLASK BOILING-ROUND BOTTOM SIMAX","250 ML","234.00"
"FLASK BOILING-ROUND BOTTOM SIMAX","500 ML","300.00"
"FLASK BOILING-ROUND BOTTOM SIMAX","1000 ML","870.00"
"FLASK BOILING-ROUND BOTTOM SIMAX","2000 ML","1100.00"
"FLASK BOILING-ROUND BOTTOM PYREX","250 ML","515.00"
"FLASK BOILING-ROUND BOTTOM PYREX","500 ML","650.00"
"FLASK BOILING-ROUND BOTTOM PYREX","1000 ML","1200.00"
"FORCE PUMP","","850.00"
"FRACTIONATING COLUMN","","1800.00"
"FREE FALL APPARATUS","","6500.00"
"FREQUENCY GENERATOR SIGNAL GENERATOR","","35000.00"
"FUNNEL GLASS","50MM","162.00"
"FUNNEL GLASS","60MM","180.00"
"FUNNEL GLASS","75MM","192.00"
"FUNNEL GLASS","90MM","210.00"
"FUNNEL GLASS","100MM","258.00"
"FUNNEL PLASTIC","75MM","60.00"
"FUNNEL PLASTIC","100MM","90.00"
"G CLAMP","2”","350.00"
"G CLAMP","3”","400.00"
"G CLAMP","4”","760.00"
"GALVANOMETER ZERO CENTRE","","1100.00"
"GAS BURNER PORTABLE","","3850.00"
"GAS STOVE PORTABLE","","2950.00"
"GAS CATRIDGE","","250.00"
"GAS JAR LID ONLY","","45.00"
"GAS JAR WITH LID","","350.00"
"GAS MASK","CLOTH","180.00"
"GAS MASK SINGLE","RESPIRATOR","900.00"
"GAS MASK DOUBLE","RESPIRATOR","1330.00"
"GLASS BLOCK-RECTANGULAR","","550.00"
"GLASS BLOCK-SEMI CIRCULAR","","550.00"
"GLASS CAPILLARY TUBING","1 METER","132.00"
"GLASS CAPILLARY TUBING","1 KG","1300.00"
"GLASS CAPILLARY TUBING BOROSIL","1 KG","1250.00"
"GLASS PRISM-EQUILATERAL/RIGHT ANGLE","SMALL","550.00"
"GLASS PRISM-EQUILATERAL/RIGHT ANGLE","LARGE","600.00"
"GLASS ROD FOR STATIC ELECTRICITY","","150.00"
"GLASS STIRRING ROD","ROD","80.00"
"GLASS STIRRING ROD","1 METRE","132.00"
"GLASS STIRRING ROD","1 KG","1200.00"
"GLASS TROUGH","150MM","750.00"
"GLASS TROUGH","180MM","850.00"
"GLASS TROUGH","300MM","1500.00"
"GLASS TUBING","1 METRE","132.00"
"GLASS TUBING","1 KG","1200.00"
"GLASS TUBINGBOROSIL 6MM/8MM/10MM/12MM/15MM/24MM","1 KG","1000.00"
"GLASS CUTTER DIAMOND PENCIL","","600.00"
"GLASS TUBING CUTTER FILE","","1250.00"
"GLASS TUBING CUTTER WHEEL TYPE","","740.00"
"GLOVES ACID PROOF","","300.00"
"GLOVES LATEX","PKT OF 100","1250.00"
"GOGGLES SAFETY","","300.00"
"GOLD LEAF ELECTROSCOPE","","930.00"
"GOLD LEAF ELECTROSCOPE","SPARE LEAF","250.00"
"HAND LENS","PLASTIC HANDLE","180.00"
"HAND LENS","METAL HANDLE","600.00"
"HAND STROBOSCOPE","","2500.00"
"HARES APPARATUS ON STAND","","1800.00"
"HOFFMAN CLIPS","","90.00"
"HOFFMAN VOLTMETER COMPLETE","","5500.00"
"HUMAN SKELETON","SMALL SIZE","4000.00"
"HUMAN SKELETON","FULL SIZE","13000.00"
"HYDRAULIC PRESS","","7800.00"
"HYDROMETER HEAVY/LIGHT LIQUIDS","","840.00"
"HYDROMETER SIMPLE BATTERY TESTER","","650.00"
"HYGROMETER WET & DRY","ENGLAND","3500.00"
"INCUBATOR ELECTRICAL","","40000.00"
"INDUCTION COIL","5MM","2835.00"
"INDUCTION COIL","10MM","3480.00"
"INSECT NEEDLE","PKT OF 100","250.00"
"INSECT NET WITH HANDLE","","550.00"
"JUG GRADUATED","1L PLASTIC","280.00"
"JUG GRADUATED","2L PLASTIC","550.00"
"KIPPS APPARATUS PLASTIC","500 ML","2355.00"
"KIPPS APPARATUS GLASS","500 ML","4600.00"
"KNIFE EDGE","","150.00"
"KNIFE SWITCH","SINGLE","200.00"
"KYMOGRAPH EQUIPMENT COMPLETE","","28000.00"
"LAB COAT","","1200.00"
"LABELS-SELF ADHESIVE","","60.00"
"LACTOMETER","","450.00"
"LECLANCHE CELL","","1800.00"
"LENS CLEANING TISSUE","PACKET","450.00"
"LENS HOLDER","WOODEN","120.00"
"LESLIE CUBES","","500.00"
"LIEBIG CONDENSER","","1300.00"
"LIFT PUMP","","800.00"
"LINEAR EXPANSION APPARATUS","","4430.00"
"LIQUID LEVEL","","1040.00"
"MAGDENBURG HEMISPHERE","","1420.00"
"MAGNET BAR PAIR WITH KEEPER","2”","500.00"
"MAGNET BAR PAIR WITH KEEPER","3”","580.00"
"MAGNET BAR PAIR WITH KEEPER","4”","650.00"
"MAGNET BAR PAIR WITH KEEPER","6”","900.00"
"MAGNET-CIRCULAR WITH HOLE","","900.00"
"MAGNET-ELECTRODE U SHAPE","","600.00"
"MAGNET-HORSE SHOE","","450.00"
"MAGNET-MAGNADEUR","","800.00"
"MAGNET-ROUND CYLINDRICAL","4”","600.00"
"MAGNET-U SHAPE","3”","450.00"
"MAGNET-U SHAPE HIGH POWER","4”","850.00"
"MAGNETIC COMPASS COMPLETE BOX","MAGNOMETER","1500.00"
"MAGNETIC NEEDLE ON STAND","","400.00"
"MAGNETIC NEEDLE ONLY","","210.00"
"MAGNETIC PLOTTING COMPASS","PLASTIC","180.00"
"MAGNETIC PLOTTING COMPASS","BRASS","180.00"
"MAGNETIC PLOTTING COMPASS","50MM","250.00"
"MAGNETIC PLOTTING COMPASS WITH LOCK","BRASS","600.00"
"MAGNETISING DEMAGNETISING COIL","","5400.00"
"MANOMETER ON STAND","","1400.00"
"MEASURING CYLINDER","10ML","350.00"
"MEASURING CYLINDER","50ML","450.00"
"MEASURING CYLINDER","100ML","530.00"
"MEASURING CYLINDER","1000ML","2000.00"
"MEASURING CYLINDER GLASS","5ML","150.00"
"MEASURING CYLINDER GLASS","10ML","160.00"
"MEASURING CYLINDER GLASS","25ML","250.00"
"MEASURING CYLINDER GLASS","50ML","280.00"
"MEASURING CYLINDER GLASS","100ML","600.00"
"MEASURING CYLINDER GLASS","250ML","700.00"
"MEASURING CYLINDER GLASS","500ML","1100.00"
"MEASURING CYLINDER GLASS","1000ML","1700.00"
"MEASURING CYLINDER GLASS","2000ML","2500.00"
"MEASURING CYLINDER SIMAX","10ML","600.00"
"MEASURING CYLINDER SIMAX","25ML","700.00"
"MEASURING CYLINDER SIMAX","50ML","800.00"
"MEASURING CYLINDER SIMAX","100ML","900.00"
"MEASURING CYLINDER SIMAX","250ML","1000.00"
"MEASURING CYLINDER SIMAX","500ML","1700.00"
"MEASURING CYLINDER SIMAX","1000ML","2100.00"
"MEASURING CYLINDER BROLAB","50ML","400.00"
"MEASURING CYLINDER BROLAB","250ML","600.00"
"MEASURING CYLINDER BROLAB","1000ML","2000.00"
"MEASURING CYLINDER MORBANK","50ML","500.00"
"MEASURING CYLINDER MORBANK","500ML","1500.00"
"MEASURING CYLINDER PLASTIC","10ML","100.00"
"MEASURING CYLINDER PLASTIC","25ML","245.00"
"MEASURING CYLINDER PLASTIC","50ML","265.00"
"MEASURING CYLINDER PLASTIC","100ML","370.00"
"MEASURING CYLINDER PLASTIC","250ML","450.00"
"MEASURING CYLINDER PLASTIC","500ML","1074.00"
"MEASURING CYLINDER PLASTIC","1000ML","1590.00"
"MEASURING CYLINDER PLASTIC","2000ML","2520.00"
"MEDIA CULTURE BOTTLE BOROSIL","250ML","500.00"
"METAL CUBES SET OF MIX","","1500.00"
"METER BRIDGE","","3500.00"
"METER RULE SUPERTEK","HALF","250.00"
"METER RULE SUPERTEK","","380.00"
"METER RULE REGULAR","HALF","200.00"
"METER RULE REGULAR","","300.00"
"MICROMETER SCREW GAUGE","","750.00"
"MICROSCOPE","STUDENT","9120.00"
"MICROSCOPE","BINOCULAR","45000.00"
"MICROSCOPE","TRAVELLING","12000.00"
"MICROSCOPE","DISSECTING","3000.00"
"MICROSCOPE BULB","HALOGEN","1500.00"
"MICROSCOPE BULB","SCREW TYPE","475.00"
"MICROSCOPE CONDENSOR","","1650.00"
"MICROSCOPE COVER SLIP","22X22","150.00"
"MICROSCOPE COVER SLIP","24X42","250.00"
"MICROSCOPE EYE PIECE","","2500.00"
"MICROSCOPE LAMP","","3500.00"
"MICROSCOPE MECHANICAL STAGE","","4000.00"
"MICROSCOPE MIRROR","","1050.00"
"MICROSCOPE MIRROR HOLDER","","275.00"
"MICROSCOPE OBJECTIVE","X4 X10 X40","1800.00"
"MICROSCOPE OBJECTIVE","X100","9000.00"
"MICROSCOPE PREPARED SLIDES","","200.00"
"MICROSCOPE SLIDE BOX","100","1070.00"
"MICROSCOPE SLIDES","","250.00"
"MICROSCOPESTAGE CLIPS","PAIR","650.00"
"MICROSCOPE HAND TYPE","","3120.00"
"MILLIE AMMETER","0 – 1 mA","1200.00"
"MILLIE AMMETER","0 – 100 mA","1200.00"
"MODEL KINETIC THEORY","","8000.00"
"MODEL DIESEL ENGINE","","8000.00"
"MODEL PETROL ENGINE","","8000.00"
"MODEL STEAM ENGINE","","8000.00"
"MODELS BRAIN/EAR/EYE/HEART/SKULL/KIDNEY/TEETH","","1500.00"
"MODELS DIGESTIVE","","2000.00"
"MORTAR AND PESTLE","3”","550.00"
"MORTAR AND PESTLE","4”","630.00"
"MORTAR AND PESTLE","5”","810.00"
"MORTAR AND PESTLE","6”","915.00"
"MORTAR AND PESTLE","8”","1000.00"
"MULTIMETER AVOMETER","DIGITAL","1200.00"
"NAVIGATING COMPASS","","930.00"
"NEWTON’S COLOUR DISC ON STAND","","990.00"
"NEWTON’S RING APPARATUS","","1950.00"
"NICHROME WIRE","REEL","645.00"
"OPTICAL BENCH COMPLETE WITH ACCESSORIES","","3540.00"
"OPTICAL PINS","PACKET OF 50","300.00"
"OSCILLOSCOPE","5 MHZ","55000.00"
"OSCILLOSCOPE","10 MHZ","65000.00"
"OSCILLOSCOPE","20 MHZ","75000.00"
"OVEN ELECTRICAL","","45500.00"
"OVERFLOW CANS","EUREKA CANS","170.00"
"P.V.C TUBING","","60.00"
"PENCIL JOCKEY","","358.00"
"PENDULUM BOB","½’’","150.00"
"PENDULUM BOB","¾ ‘’","250.00"
"PERIODIC TABLE CHART","CHEMISTRY","1000.00"
"PERISCOPE","WOODEN","875.00"
"PERSPEX BLOCK","","550.00"
"PERSPEX ROD","","300.00"
"PETRI DISH","9.0 CM PLASTIC","50.00"
"PETRI DISH","5.5CM GLASS","200.00"
"PETRI DISH","9.0CM GLASS","300.00"
"PH METER","DIGITAL","45000.00"
"PH METER PROBE","ELECTRODE","5000.00"
"PHOTOCELL","","2100.00"
"PHOTOSYNTHESIS APPARATUS POTOMETER GANOG","","750.00"
"PIN HOLE CAMERA","","875.00"
"PINCH CLIP","MOHR","250.00"
"PIPE CLAY TRIANGLES","","120.00"
"PIPETTE FILLER","BULB TYPE","250.00"
"PIPETTE FILLER","THREE WAY","750.00"
"PIPETTE GRADUATED","1ML","114.00"
"PIPETTE GRADUATED","2ML","132.00"
"PIPETTE GRADUATED","5ML BULB","180.00"
"PIPETTE GRADUATED","10ML BULB","200.00"
"PIPETTE GRADUATED BOROSILICATE","20ML","200.00"
"PIPETTE GRADUATED BOROSILICATE","25ML","310.00"
"PIPETTE BULB","20ML","300.00"
"PIPETTE BULB","25ML","310.00"
"PIPETTE GRADUATED","50ML","354.00"
"PIPETTE GRADUATED SIMAX","10ML","250.00"
"PIPETTE BULB SIMAX","25ML","450.00"
"PIPETTE STAND","PLASTIC","355.00"
"PIPETTE STAND","WOODEN","355.00"
"PITH BALLS ON STAND","","300.00"
"PLANE MIRROR","","50.00"
"PLATINUM WIRE HOLDER","","210.00"
"PLATINUM WIRE","1 INCH","450.00"
"PLUG KEY","1 WAY","162.00"
"PLUG KEY","2 WAY","280.00"
"POLYTHENE ROD","","150.00"
"PORCELAIN BOATS","","180.00"
"POROUS POT","6’’","141.00"
"PORTABLE BURNER","","2950.00"
"POTENTIOMETER VARIABLE","50/100 OHMS","250.00"
"POTENTIOMETER WITH PENCIL JOCKEY","","4500.00"
"POTOMETER GANOG","","750.00"
"POTOMETER STUDENT","","510.00"
"POWER SUPPLY UNIT WITH METERS","12V","990.00"
"POWER SUPPLY UNIT WITH METERS","30V","25000.00"
"PRESERVATION BOTTLE","500ML","270.00"
"PRESERVATION BOTTLE","1000ML","390.00"
"PRESERVATION BOTTLE","1500ML","420.00"
"PRESERVATION BOTTLE","2000ML","480.00"
"PROOF PLANE","","162.00"
"PULLEY","SINGLE","180.00"
"PULLEY","DOUBLE","328.00"
"PULLEY","TRIPLE","390.00"
"RAIN GAUGE","","1600.00"
"RAIN GAUGE MEASURING CYLINDER","PLASTIC","300.00"
"RAY BOX COMPLETE","SUPERIOR","6550.00"
"RAY BOX WITH SLITS","","1400.00"
"REAGENT BOTTLE AMBER","60ML","200.00"
"REAGENT BOTTLE AMBER","125ML","250.00"
"REAGENT BOTTLE AMBER","250ML","300.00"
"REAGENT BOTTLE AMBER","500ML","400.00"
"REAGENT BOTTLE AMBER","1000ML","800.00"
"REAGENT BOTTLE CLEAR","60ML","200.00"
"REAGENT BOTTLE CLEAR","125ML","250.00"
"REAGENT BOTTLE CLEAR","250ML","300.00"
"REAGENT BOTTLE CLEAR","1000ML","800.00"
"RESISTANCE BOX PLUG TYPE","","2900.00"
"RESISTANCE COIL ANY","1–100 OHMS","162.00"
"RESISTOR CARBON","","50.00"
"RESONANCE APPARATUS COMPLETE","","4140.00"
"RESONANCE TUBE","","810.00"
"RETORT BOSS HEAD","","450.00"
"RETORT CLAMP","125ML","583.00"
"RETORT FLASK","250ML","711.00"
"RETORT FLASK","","800.00"
"RETORT RING","10’’ X 6","600.00"
"RETORT STAND ROD & BASE","IMPORTED","1200.00"
"RETORT STAND ROD & BASE","","1200.00"
"RETORT STAND COMPLETE","","1600.00"
"REVERSING KEY","50 OHM","1060.00"
"RHEOSTAT","","1250.00"
"RIPPLE TANK COMPLETE WITH POWER SUPPLY","","16000.00"
"RIPPLE TANK MOTOR ONLY","","550.00"
"RUBBER STOPPER NO.6","IGNITION TUBE","30.00"
"RUBBER STOPPER NO.8","TEST TUBE","40.00"
"RUBBER STOPPER NO.13","BOILING TUBE","60.00"
"RUBBER STOPPER NO.15","CONICAL FLASK","90.00"
"RUBBER STOPPER NO.18","","120.00"
"SAND BATH METAL","","550.00"
"SAVARTS TOOTHED WHEEL","","2500.00"
"SCALPEL BLADES","EACH","20.00"
"SCALPEL BLADES","PER PKT OF 100","1000.00"
"SCALPEL HANDLE","NO. 3 & 4","150.00"
"SEPARATING FUNNEL","60ML","420.00"
"SEPARATING FUNNEL","125ML","500.00"
"SEPARATING FUNNEL","250ML","750.00"
"SEPARATING FUNNEL","500ML","850.00"
"SIGNAL GENERATOR","","24900.00"
"SIMPLE SCREW MODEL","","450.00"
"SINTERETED FUNNEL","","750.00"
"SIPHON PUMP","","550.00"
"SLINKY SPRINGS","","950.00"
"SMOKE CELL","12’’ X ½","2478.00"
"SOFT IRON ROD","SET OF SIX","350.00"
"SOIL SIEVES","","12000.00"
"SOLENOID WITH TERMINAL ON STAND","","1250.00"
"SONOMETER ON STAND COMPLETE","","4800.00"
"SPADE TERMINALS","","120.00"
"SPATULA PLASTIC","","50.00"
"SPATULA STAINLESS","","120.00"
"SPECIMEN JARS","","350.00"
"SPECIMEN TUBE","3” X 1”","120.00"
"SPECTROMETER","150MM","15000.00"
"SPHERE SET","","1100.00"
"SPHEROMETER","","2000.00"
"SPIRAL RING","3”","150.00"
"SPIRAL RING","9”","300.00"
"SPIRAL WITHOUT POINTER SPRING","3”","100.00"
"SPIRAL WITH POINTER SPRING","","150.00"
"SPIRIT LAMP","","450.00"
"SPIRIT LAMP","100PCS","500.00"
"SPLINTS WOODEN","100PCS","200.00"
"SPLINTS WOODEN","1000PCS","1200.00"
"STAINING GAS JAR","","400.00"
"STATURE METER","","1750.00"
"STEAM GENERATOR","","30000.00"
"STETHOSCOPE","","1500.00"
"STOCKABLE PLUGS","","1290.00"
"STOP CLOCK","","2490.00"
"STOP WATCH","ELECTRONICS","600.00"
"STOP WATCH METAL CASE","MECHANICAL","3000.00"
"STREBOSCOPE HAND OPERATED","","2500.00"
"SWEET NET","","400.00"
"SYRINGE","10ML","30.00"
"SYRINGE","20ML","150.00"
"SYRINGE","50ML","200.00"
"SYRINGE GLASS","10ML","500.00"
"TALLY COUNTER","","800.00"
"TAPPING KEY","1 WAY","180.00"
"TAPPING KEY","2 WAY","280.00"
"TERMINALS","","100.00"
"TEST TUBE BRUSH","MICRO","80.00"
"TEST TUBE BRUSH","MEDIUM","95.00"
"TEST TUBE BRUSH","BOTTLE WASH","105.00"
"TEST TUBE HOLDER","WOODEN/WIRE TYPE","125.00"
"TEST TUBE STAND","WOODEN 6 HOLE","180.00"
"TEST TUBE STAND","PLASTIC 6 HOLE","200.00"
"TEST TUBE STAND","WOODEN 12 HOLE","250.00"
"TEST TUBE WITH RIM BOROSIL","10 X 75","16.00"
"TEST TUBE WITH RIM BOROSIL","12 X 100","20.00"
"TEST TUBE WITH RIM BOROSIL","15 X 125","70.00"
"TEST TUBE WITH RIM BOROSIL","25 X 150","140.00"
"TEST TUBE WITH RIM SIMAX","15 X 125","25.00"
"TEST TUBE WITH RIM SIMAX","24 X 150","140.00"
"TEST TUBE WITH RIM PYREX","10 X 75","45.00"
"TEST TUBE WITH RIM PYREX","15 X 125","70.00"
"TEST TUBE WITH RIM PYREX","24 X 150","140.00"
"TEST TUBE WITH RIM CHINA","10 X 75","12.00"
"TEST TUBE WITH RIM CHINA","12 X 75","14.00"
"TEST TUBE WITH RIM CHINA","12 X 100","15.00"
"TEST TUBE WITH RIM CHINA","16 X 125","20.00"
"TEST TUBE WITH RIM CHINA","24 X 150","60.00"
"TEST TUBE WITH SIDE ARM","16 X 125","200.00"
"THERMISTOR","","300.00"
"THERMOCOUPLE","","450.00"
"THERMOMETER","CLINICAL","95.00"
"THERMOMETER","0–50°C","180.00"
"THERMOMETER","0–150°C","300.00"
"THERMOMETER","0–250°C","410.00"
"THERMOMETER","0–360°C","520.00"
"THERMOMETER ALCOHOL/MERCURY","-10–110°C","180.00"
"THERMOMETER UK","-10–110°C","1150.00"
"THERMOMETER UK","MAX & MIN","1800.00"
"THERMOMETER DIGITAL","CLINICAL","900.00"
"THERMOMETER DIGITAL","","3500.00"
"THERMOMETER FOR INCUBATOR/OVEN","","2000.00"
"THERMOPILE","","450.00"
"THISTLE FUNNEL","","150.00"
"THISTLE FUNNEL WITH TAP","","475.00"
"TICKER TAPE ROLL","","234.00"
"TICKER TAPE TIMER","","3000.00"
"TILES","WHITE","100.00"
"TILES CAVITY","6 HOLES","200.00"
"TILES CAVITY","12 HOLES","280.00"
"TRIPOD STAND","","120.00"
"TUBE T","PLASTIC","80.00"
"TUBE Y","PLASTIC","80.00"
"TUBE T","GLASS","100.00"
"TUBE Y","GLASS","100.00"
"TUNING FORK","SET OF 8","1600.00"
"U TUBE","GLASS","125.00"
"U TUBE WITH SIDE ARM","GLASS","150.00"
"UNIVERSAL BOTTLE","","120.00"
"VACUUM AND AIR PRESSURE PUMP COMBINED","","3000.00"
"VAN DE GRAAFF GENERATOR","MANUAL","9570.00"
"VAN DE GRAAFF GENERATOR","ELECTRICAL","29700.00"
"VENNIER CALLIPERS","","450.00"
"VENTURI TUBE","","1000.00"
"VLTAIC CELL","","750.00"
"VOLTMETER","30V ELECTRICAL","4000.00"
"VOLTMETER","DUAL RANGE","1200.00"
"VOLUMETRIC FLASK BOROSIL PLASTIC STOPPER","500ML","1200.00"
"VOLUMETRIC FLASK BOROSIL PLASTIC STOPPER","100ML","600.00"
"VOLUMETRIC FLASK BOROSIL PLASTIC STOPPER","250ML","800.00"
"VOLUMETRIC FLASK BOROSIL PLASTIC STOPPER","1000ML","1800.00"
"VOLUMETRIC FLASK BOROSIL GLASS STOPPER","2000ML","2900.00"
"VOLUMETRIC FLASK SIMAX","25ML","1200.00"
"VOLUMETRIC FLASK SIMAX","50ML","1300.00"
"VOLUMETRIC FLASK SIMAX","100ML","1500.00"
"VOLUMETRIC FLASK SIMAX","250ML","1700.00"
"VOLUMETRIC FLASK SIMAX","500ML","2500.00"
"VOLUMETRIC FLASK SIMAX","1000ML","3000.00"
"VOLUMETRIC FLASK SIMAX","2000ML","4350.00"
"VOLUMETRIC FLASK CHINA","10ML","200.00"
"VOLUMETRIC FLASK CHINA","25ML","250.00"
"VOLUMETRIC FLASK CHINA","50ML","300.00"
"VOLUMETRIC FLASK CHINA","100ML","350.00"
"VOLUMETRIC FLASK CHINA","250ML","400.00"
"VOLUMETRIC FLASK CHINA","500ML","1002.00"
"VOLUMETRIC FLASK CHINA","1000ML","1590.00"
"VOLUMETRIC FLASK CHINA","2000ML","1890.00"
"VOLUMETRIC FLASK CHINA","5000ML","8000.00"
"VOLUMETRIC FLASK MORBANK","1000ML","4000.00"
"VOLUMETRIC FLASK MORBANK","2000ML","5000.00"
"VOLUMETRIC FLASK UK","5000ML","12750.00"
"WASH BOTTLE","250ML","170.00"
"WASH BOTTLE","500ML","280.00"
"WASH BOTTLE","1000ML","400.00"
"WASH GLASS","50MM","100.00"
"WASH GLASS","75MM","120.00"
"WASH GLASS","100MM","180.00"
"WATER BATH","COPPER","1200.00"
"WATER BATH","ELECTRICAL","26500.00"
"WATER BATH SUPERIOR","ELECTRICAL","28500.00"
"WATER LEVEL","","450.00"
"WATER STILLER STAINLESS","","38000.00"
"WAVE MACHINE","","9665.00"
"WEIGHTS SLOTTED","10 X 10 GM","600.00"
"WEIGHTS SLOTTED","10 X 20 GM","700.00"
"WEIGHTS SLOTTED","10 X 50 GM","1200.00"
"WEIGHTS SLOTTED","5 X 100 GM","1600.00"
"WEIGHTS WITH HOOKS","5 GM","60.00"
"WEIGHTS WITH HOOKS","10 GM","70.00"
"WEIGHTS WITH HOOKS","PER PIECE","90.00"
"WEIGHTS WITH HOOKS","15 GM PER PIECE","18100.00"
"ACETALDEHYDE","1L","5430.00"
"ACETIC ACID GLACIAL","1L","1300.00"
"ACETIC ACID GLACIAL","2.5L","2500.00"
"ACETO CARMINE","100ML","2560.00"
"ACETO ORCEIN","100ML","2600.00"
"ACETONE LP","1L","1000.00"
"ACETONE LP","2.5L","3500.00"
"AGAR AGAR","100GM","1800.00"
"ALBUMIN FROM EGG","25GM","700.00"
"ALBUMIN FROM EGG","500 GM","8000.00"
"ALUMINIUM AMMONIUM SULPHATE","500 GM","1050.00"
"ALUMINIUM CARBONATE","250 GM","1200.00"
"ALUMINIUM CHLORIDE ANHYDROUS","500 GM","1500.00"
"ALUMINIUM FINE POWDER","100 GM","850.00"
"ALUMINIUM FOIL","1 ROLL","250.00"
"ALUMINIUM HYDROXIDE","250 GM","900.00"
"ALUMINIUM NITRATE","500 GM","1420.00"
"ALUMINIUM OXIDE","500 GM","2000.00"
"ALUMINIUM POTASSIUM SULPHATE","500 GM","900.00"
"ALUMINIUM SULPHATE","500 GM","950.00"
"AMMONIA SOLUTION","1L","600.00"
"AMMONIA SOLUTION","2.5L","1800.00"
"AMMONIA ACETATE","500 GM","800.00"
"AMMONIA CARBONATE","500 GM","1050.00"
"AMMONIA CHLORIDE","500 GM","550.00"
"AMMONIA CUPRIC CHLORIDE","500 GM","14900.00"
"AMMONIA DICHROMATE","500 GM","1940.00"
"AMMONIA FERRIC SULPHATE","500 GM","1750.00"
"AMMONIA FERROUS SULPHATE","500 GM","1500.00"
"AMMONIA HYDROGEN CARBONATE","500 GM","1350.00"
"AMMONIA MOLYBDATE","100 GM","10000.00"
"AMMONIA NITRATE","500 GM","2600.00"
"AMMONIA OXALATE","500 GM","3600.00"
"AMMONIA SULPHATE","500 GM","690.00"
"AMYLASE","25 GM","8950.00"
"ANTI A","10 ML","900.00"
"ANTI B","10 ML","900.00"
"ANTI D","10 ML","1500.00"
"ASBESTOS WOOL","250 GM","1500.00"
"ASCORBIC ACID","100 GM","800.00"
"BARIUM CARBONATE","500 GM","1387.00"
"BARIUM CHLORIDE","500 GM","1000.00"
"BARIUM CHROMATE","250 GM","4500.00"
"BARIUM HYDROXIDE","250 GM","1085.00"
"BARIUM NITRATE","500 GM","1200.00"
"BARIUM SULPHATE","500 GM","1000.00"
"BENEDICT SOLUTION","1L","450.00"
"BENZENE","2.5L","6200.00"
"BENZOIC ACID","500GM","1800.00"
"BICARBONATE INDICATOR","500ML","400.00"
"BIURET AGENT","1L","650.00"
"BLEACHING POWDER","500 GM","1500.00"
"BORIX","500 GM","1000.00"
"BORIC ACID","500 GM","800.00"
"BROMINE LIQUID","50 ML","4300.00"
"BROMINE LIQUID","100 ML","7500.00"
"BROMINE LIQUID","250 ML","16100.00"
"BROMINE WATER","0.5 L","1000.00"
"BROMINE WATER","1L","1750.00"
"BROMOTHYMOL BLUE","5 GM","750.00"
"BROMOTHYMOL BLUE SOLUTION","0.5 L","400.00"
"BUTAL-1-OL","0.5 L","1500.00"
"CALCIUM CARBIDE","250 GM","6000.00"
"CALCIUM CARBONATE","500 GM","450.00"
"CALCIUM CHLORIDE FUSED","500 GM","1200.00"
"CALCIUM HYDROXIDE","500 GM","900.00"
"CALCIUM METAL","50 GM","3250.00"
"CALCIUM METAL","100 GM","5000.00"
"CALCIUM NITRATE","500 GM","1000.00"
"CALCIUM OXIDE","500 GM","1100.00"
"CALCIUM SULPHATE","500 GM","1500.00"
"CAMPHOUR","100 GM","2500.00"
"UNKNOWN ITEM","500 GM","2000.00"
"UNKNOWN ITEM","250 GM","0.00"
"CUPRIC NITRATE","250 GM","960.00"
"CUPRIC OXIDE","100 GM","1200.00"
"CUPRIC SULPHATE ANHYDROUS","500 GM","2500.00"
"CUPRIC SULPHATE PENTAHYDRATE","500 GM","1500.00"
"DCPIP","1 GM","400.00"
"DETERGENT","5L","800.00"
"DEXTROSE MONOHYDRATE GLUCOSE","500 GM","800.00"
"DIASTASE","100 GM","1500.00"
"DIETHYL ETHER","2.5 L","4120.00"
"DIPOTASSIUM HYDROGEN PHOSPHATE","500 GM","1800.00"
"DISODIUM HYDROGEN PHOSPHATE","500 GM","1750.00"
"DISTILLED WATER","5L","500.00"
"DISTILLED WATER","20L","800.00"
"EDTA DISODIUM SALT","100 GM","1400.00"
"EOSIN YELLOW","25 GM","1200.00"
"ETHANOL","1L","900.00"
"ETHANOL","2.5 L","1800.00"
"ETHANOL PRO ANALYSIS AR","2.5 L","6400.00"
"FEHLING'S SOLUTION NO.1","1L","900.00"
"FEHLING'S SOLUTION NO.2","1L","1200.00"
"FERRIC CHLORIDE","500 GM","2000.00"
"FERRIC NITRATE","250 GM","1800.00"
"FERRIC NITRATE","500 GM","1800.00"
"FERRIC SULPHATE","500 GM","1950.00"
"FERROUS CHLORIDE","500 GM","2000.00"
"FERROUS SULPHATE","500 GM","1200.00"
"FERROUS SULPHIDE","500 GM","1500.00"
"FIELD STAIN A POWDER","25 GM","1200.00"
"FIELD STAIN B POWDER","25 GM","1200.00"
"FILTER PAPER WHATMAN","NO 1 - 9 CM","500.00"
"FILTER PAPER WHATMAN","NO 1 - 11 CM","600.00"
"FILTER PAPER WHATMAN","NO 1 - 12.5 CM","800.00"
"FILTER PAPER WHATMAN","NO 1 - 15 CM","1100.00"
"FILTER PAPER WHATMAN","NO 1 - 18.5 CM","1500.00"
"FILTER PAPER WHATMAN","NO 1 - 24 CM","2500.00"
"FILTER PAPER WHATMAN","NO 91 - 24 CM","2800.00"
"FILTER PAPER WHATMAN","NO 40 - 12.5 CM","3000.00"
"FILTER PAPER WHATMAN","NO 40 - 15 CM","6250.00"
"FILTER PAPER WHATMAN","NO 41 - 15 CM","6250.00"
"FILTER PAPER SCHLEICHER & SCHUELL","NO 595 - 9 CM","400.00"
"FILTER PAPER SCHLEICHER & SCHUELL","NO 595 - 12.5 CM","720.00"
"FILTER PAPER SCHLEICHER & SCHUELL","NO 595 - 18.5 CM","1100.00"
"FILTER PAPER SCHLEICHER & SCHUELL","NO 595 - 24 CM","1500.00"
"FORMALDEHYDE","2.5 L","2000.00"
"FORMIC ACID","1L","1800.00"
"FRUCTOSE","100 GM","1200.00"
"GIEMSA STAIN POWDER","25 GM","2070.00"
"GLASS WOOL","250 GM","1200.00"
"GLUCOSE MONOHYDRATE","500 GM","600.00"
"GLYCEROL","1L","790.00"
"GLYCEROL","2.5 L","1750.00"
"HEXANE","2.5 L","3000.00"
"HEXANE","1L","500.00"
"HYDROCHLORIC ACID 1.16–32%","2.5 L","1800.00"
"HYDROCHLORIC ACID 1.16–32%","1L","900.00"
"HYDROCHLORIC ACID 1.18–36%","2.5 L","1800.00"
"HYDROGEN PEROXIDE 20 VOL","2L","800.00"
"HYDROGEN PEROXIDE 30 VOL","2L","800.00"
"HYDROGEN PEROXIDE 40 VOL","2L","1000.00"
"HYDROGEN PEROXIDE 100 VOL","2L","1200.00"
"IMMERSION OIL","50 ML","1600.00"
"INVERTASE","100 ML","1085.00"
"IODINE CRYSTALS","100 GM","1700.00"
"IRON FILLINGS","500 GM","1200.00"
"IRON PIN DUST","500 GM","1800.00"
"IRON POWDER","500 GM","1800.00"
"ISOBUTYL ALCOHOL 2-METHYL-1-PROPANOL","500 GM","3000.00"
"LACTOSE","500 GM","1500.00"
"LEAD ACETATE","500 GM","2000.00"
"LEAD BROMIDE","500 GM","6000.00"
"LEAD CARBONATE","500 GM","1700.00"
"LEAD CHLORIDE SLR","250 GM","2500.00"
"LEAD CHROMATE SLR","250 GM","2500.00"
"LEAD DIOXIDE SLR","500 GM","3000.00"
"LEAD FOIL","500 GM","700.00"
"LEAD HYDROXIDE","500 GM","1200.00"
"LEAD IODIDE","100 GM","5000.00"
"LEAD MONOXIDE","500 GM","1800.00"
"LEAD NITRATE","500 GM","1200.00"
"UNKNOWN ITEM","500 GM","3250.00"
"UNKNOWN ITEM","100 GM","1380.00"
"MAGNESIUM RIBBON","25 GM","450.00"
"MAGNESIUM SULPHATE SLR","500 GM","1800.00"
"MALACHITE GREEN","25 GM","2500.00"
"MALEIC ACID","500 GM","1980.00"
"MALTOSE","100 GM","2500.00"
"MANGANESE CARBONATE","500 GM","1980.00"
"MANGANESE CHLORIDE","500 GM","2560.00"
"MANGANESE DIOXIDE","500 GM","1800.00"
"MANGANESE SULPHATE","500 GM","1750.00"
"MARBLE CHIPS","500 GM","800.00"
"METHANOL","1L","900.00"
"METHANOL","2.5 L","2500.00"
"METHYL ORANGE DISODIUM SALT","25 GM","1070.00"
"METHYL ORANGE SOLUTION","0.5 L","300.00"
"METHYL ORANGE SCREENED","0.5 L","700.00"
"METHYL RED","25 GM","1070.00"
"METHYL RED SOLUTION","0.5 L","400.00"
"METHYLATED SPIRIT","1L","300.00"
"METHYLATED SPIRIT","5L","1000.00"
"METHYLENE BLUE POWDER","25 GM","1200.00"
"METHYLENE BLUE SOLUTION","0.5 L","700.00"
"MILLION'S REAGENT","0.5 L","2500.00"
"NAPHTHALENE BALLS","500 GM","400.00"
"NAPHTHALENE POWDER","100 GM","1000.00"
"NAPHTHALENE POWDER","500 GM","1750.00"
"NEUTRAL RED SOLUTION","100 GM","875.00"
"NITRIC ACID","1L","900.00"
"NITRIC ACID","2.5 L","1800.00"
"ORTHOPHOSPHORIC ACID","2.5 L","3100.00"
"OXALIC ACID","500 GM","1500.00"
"PARAFFIN WAX","1KG","1000.00"
"PEPSIN","100 GM","1800.00"
"PHENOL CRYSTALS","500 GM","3100.00"
"PHENOLPHTHALEIN POWDER","50 GM","800.00"
"PHENOLPHTHALEIN SOLUTION","0.5 L","300.00"
"PHOSPHORUS RED","250 GM","1500.00"
"PLASTICINE","500 GM","350.00"
"POTASSIUM BROMIDE","500 GM","1440.00"
"POTASSIUM CARBONATE","500 GM","1870.00"
"POTASSIUM CHLORATE","500 GM","1745.00"
"POTASSIUM CHLORIDE","500 GM","1500.00"
"POTASSIUM CHROMATE","500 GM","2150.00"
"POTASSIUM CITRATE","500 GM","1200.00"
"POTASSIUM DICHROMATE","500 GM","1850.00"
"POTASSIUM DIHYDROGEN PHOSPHATE","500 GM","1800.00"
"POTASSIUM FERROCYANIDE","500 GM","3000.00"
"POTASSIUM FERROCYANIDE","500 GM","2000.00"
"POTASSIUM HYDROGEN CARBONATE","500 GM","1450.00"
"POTASSIUM HYDROXIDE PELLETS","500 GM","1200.00"
"POTASSIUM MOLYBDATE","100 GM","2000.00"
"POTASSIUM IODIDE SUSPECTED SPELLING FIXED","100 GM","1500.00"
"POTASSIUM IODIDE","500 GM","5000.00"
"POTASSIUM METABISULPHITE","500 GM","1200.00"
"POTASSIUM METAL","25 GM","11635.00"
"POTASSIUM NITRATE","500 GM","1500.00"
"POTASSIUM PERMANGANATE","500 GM","2500.00"
"POTASSIUM SULPHATE","500 GM","1400.00"
"POTASSIUM THIOCYANATE","500 GM","3400.00"
"PROPAN-2-OL","2.5 L","3000.00"
"PYROGALLOL CRYSTALS","25 GM","2000.00"
"SALICYLIC ACID WASHED","500 GM","2900.00"
"SAND ACID WASHED","1 KG","755.00"
"SILICA GEL SELF INDICATOR","500 GM","1950.00"
"SILVER CHLORIDE","25 GM","3000.00"
"SILVER NITRATE","25 GM","2500.00"
"SODALIME","500 GM","1500.00"
"SODIUM ACETATE","500 GM","1000.00"
"SODIUM BENZOATE","500 GM","445.00"
"SODIUM BROMIDE","500 GM","2030.00"
"SODIUM CARBONATE DECAHYDRATE","500 GM","1300.00"
"SODIUM CARBONATE ANHYDROUS","500 GM","900.00"
"SODIUM CHLORIDE","500 GM","900.00"
"SODIUM NITRATE","500 GM","900.00"
"SODIUM DICHROMATE","500 GM","1865.00"
"SODIUM DIHYDROGEN PHOSPHATE","500 GM","1000.00"
"SODIUM DIPHENYLAMINE SULPHONATE","5 GM","5600.00"
"SODIUM FLUORIDE","500 GM","4500.00"
"SODIUM FORMATE","500 GM","4200.00"
"SODIUM HYDROGEN CARBONATE","500 GM","900.00"
"SODIUM HYDROXIDE PEARLS","500 GM","1000.00"
"SODIUM HYDROXIDE PELLETS","500 GM","1000.00"
"SODIUM HYDROGEN SULPHITE","500 GM","1200.00"
"SODIUM IODIDE","100 GM","5000.00"
"SODIUM METABISULPHITE","500 GM","1200.00"
"SODIUM METAL","25 GM","1000.00"
"SODIUM METAL","100 GM","3000.00"
"SODIUM NITRATE","500 GM","1200.00"
"SODIUM NITRITE","500 GM","1150.00"
"ABSORTION TOWER DRYING TOWER","","3490.00"
"ACID ACCUMULATOR","2V 10AH","2500.00"
"ACID ACCUMULATOR","6V 15 AH","3000.00"
"ALCOHOMETER","","5540.00"
"AMMETER","DIGITAL","4500.00"
"AMMETER","DUAL RANGE","1200.00"
"ANEROID BAROMETER","","2900.00"
"ASPIRATOR BOTTLE GLASS","2.5L","4141.00"
"ASPIRATOR BOTTLE GLASS","5L","5850.00"
"ASPIRATOR BOTTLE GLASS","10L","7350.00"
"ASPIRATOR BOTTLE PLASTIC","5L","2000.00"
"ASPIRATOR PLASTIC","10L","3000.00"
